id,name,label,w1/h,w2/h,w3/h,h/h,r1/h,r2/h,r3/h
1,000_1.bmp,‘≤¡≥,1.2652713178294575,1.2789147286821705,1.0725581395348838,1.0,4.498449612403101,11.725736434108526,4.938294573643411
2,001_2.bmp,∑Ω¡≥,1.4198817672682016,1.4198817672682016,1.245488487865588,1.0,4.046670815183572,10.741910392034848,5.079029247044182
3,004_1.bmp,Õ÷‘≤¡≥,1.3259219088937093,1.3472523499638467,1.106109906001446,1.0,6.3304410701373826,17.52892263195951,4.210954446854664
4,017_4.bmp,∑Ω¡≥,1.2960295475530934,1.3327793167128348,1.167128347183749,1.0,5.103970452446907,8.278301015697137,5.154385964912281
5,018_0.bmp,∑Ω¡≥,1.2956048801999118,1.2801705130089667,1.087902396001764,1.0,4.329413494046744,9.044980155813612,4.538144936057622
6,019_3.bmp,‘≤¡≥,1.3573869072024052,1.3836271696050293,1.2054120541205413,1.0,3.8944922782561155,4.800874675413421,4.058630586305863
7,020_2.bmp,¡‚–Œ¡≥,1.3636111496325058,1.3753986964360008,1.1650256552489253,1.0,3.681181528220774,7.8717237553737345,4.623214533351824
8,022_2.bmp,∑Ω¡≥,1.2819879187259746,1.3204283360790774,1.1886326194398682,1.0,3.546814936847886,9.75768808347062,4.078940142778693
9,022_3.bmp,∑Ω¡≥,1.2832689122032026,1.296889379716547,1.1465120559543531,1.0,5.00276090557703,15.560647892508742,5.1776182587888835
10,025_0.bmp,¿Ê–Œ¡≥,1.2873421197144426,1.3145249862712796,1.158429434376716,1.0,4.145112575507962,9.576880834706206,3.911175178473366
11,028_4.bmp,∑Ω¡≥,1.2582859848484849,1.2811316287878787,1.0900804924242424,1.0,3.0337357954545454,9.349905303030303,3.5094696969696972
12,030_3.bmp,‘≤¡≥,1.2503437070366203,1.2750906136732907,1.1126109236345456,1.0,3.2455943007124106,8.48943882014748,4.1476065491813525
13,033_1.bmp,≥§¡≥,1.1685753550160332,1.1836921667430143,1.0151168117269813,1.0,4.192395785616125,10.177126278821195,5.02870667277447
14,035_4.bmp,‘≤¡≥,1.3822363203806503,1.3941316415543221,1.1941580756013745,1.0,3.7774253238170767,11.214247951361354,4.168517049960349
15,037_3.bmp,¿Ê–Œ¡≥,1.2828282828282829,1.292929292929293,1.1315151515151516,1.0,2.3792929292929292,8.923737373737374,3.306262626262626
16,038_0.bmp,‘≤¡≥,1.323092753197119,1.3232397471703659,1.1333235337351169,1.0,4.064530354255475,11.465088931353815,4.88960752609143
17,038_3.bmp,‘≤¡≥,1.2843396226415094,1.3020754716981133,1.150943396226415,1.0,5.029811320754717,14.473962264150943,6.317735849056604
18,041_4.bmp,≥§¡≥,1.208829601397491,1.240114340161982,1.042083531840559,1.0,4.809433063363507,14.761950134984913,4.704462442432905
19,042_1.bmp,∑Ω¡≥,1.2552899686520376,1.3140673981191222,1.1565438871473355,1.0,5.042907523510972,12.077978056426334,5.890869905956113
20,043_1.bmp,Õ÷‘≤¡≥,1.3134328358208955,1.313582089552239,1.0755223880597016,1.0,4.06044776119403,8.74955223880597,5.099402985074628
21,045_0.bmp,∑Ω¡≥,1.3456362937331796,1.3458926054081763,1.1680123029604,1.0,2.9666794822504166,7.375496603870306,4.519287453543509
22,045_1.bmp,∑Ω¡≥,1.3444262295081968,1.360655737704918,1.1804918032786886,1.0,4.149508196721311,10.592786885245902,5.569180327868853
23,046_3.bmp,Õ÷‘≤¡≥,1.135876042908224,1.1655244338498212,1.0010429082240762,1.0,3.7918653158522044,9.209177592371871,4.635131108462455
24,047_1.bmp,¿Ê–Œ¡≥,1.2699571496587843,1.3015394381844152,1.1428344707189335,1.0,4.299793683542295,15.534677035391208,5.239485795905412
25,048_1.bmp,‘≤¡≥,1.2912601204068923,1.3327797384264064,1.204691716836205,1.0,5.595391322399833,17.277973842640648,6.757940626946231
26,049_1.bmp,∑Ω¡≥,1.363574001028983,1.363574001028983,1.1723546561481735,1.0,5.184873949579831,16.185388441090723,5.2870862630766595
27,050_0.bmp,Õ÷‘≤¡≥,1.2842908902691512,1.2815734989648033,1.050983436853002,1.0,5.205874741200828,12.434135610766045,3.449534161490683
28,054_1.bmp,∑Ω¡≥,1.2486539402838963,1.2307064774025127,1.0179474628813836,1.0,4.707945831293849,11.46173927231196,4.660466634034916
29,054_3.bmp,∑Ω¡≥,1.2233792408464899,1.2067517635203224,1.0332549546523346,1.0,4.8957003694994965,13.48387638562311,4.755290560967417
30,057_3.bmp,∑Ω¡≥,1.313574586540036,1.3463238906173243,1.2127067299819878,1.0,4.108891436056984,11.677910594399869,5.081382020632061
31,060_0.bmp,¡‚–Œ¡≥,1.273455204713703,1.2885632270735763,1.0778063151533466,1.0,4.123583622903762,16.897265447952865,4.3276930049856475
32,060_1.bmp,¿Ê–Œ¡≥,1.260572483841182,1.2790397045244692,1.1119113573407202,1.0,5.0349030470914125,13.664450600184672,5.27719298245614
33,060_3.bmp,–ƒ–Œ¡≥,1.2622041420118344,1.279215976331361,1.0935650887573964,1.0,5.21560650887574,15.16771449704142,5.299001479289941
34,061_1.bmp,Õ÷‘≤¡≥,1.2766815192022067,1.2759388924252069,1.0511351580734138,1.0,3.44387863356673,9.672713770422236,3.4849352853808613
35,064_1.bmp,∑Ω¡≥,1.2546290384369811,1.2928106244413229,1.1919295109181458,1.0,3.1064998084535818,8.600306474268931,3.890563146469161
36,066_1.bmp,Õ÷‘≤¡≥,1.2645173453996983,1.263763197586727,1.1129336349924586,1.0,4.971719457013575,10.717006033182503,6.32975113122172
37,066_4.bmp,∑Ω¡≥,1.2501559575795382,1.2501559575795382,1.0926388022457891,1.0,4.0640985651902675,9.963194011228946,4.992202121023082
38,067_1.bmp,Õ÷‘≤¡≥,1.1777698610616316,1.2144638403990027,1.071072319201995,1.0,4.893302458140363,13.715354470965444,5.9121838261489135
39,070_2.bmp,∑Ω¡≥,1.2424193548387097,1.2585483870967742,1.129193548387097,1.0,3.382903225806452,6.683870967741935,5.226612903225806
40,070_3.bmp,∑Ω¡≥,1.2023503984870998,1.2430095907064702,1.1348102120761854,1.0,2.8304741321086047,7.47197082263947,4.08347967040389
41,073_3.bmp,¡‚–Œ¡≥,1.189950513894176,1.2087933003425961,1.056338028169014,1.0,2.315093262276361,7.848877046060145,2.6832889227255423
42,074_1.bmp,≥§¡≥,1.1178854923154873,1.1347745313291673,1.014524573551765,1.0,3.9923999324438437,7.979226482013173,5.338625232224286
43,074_4.bmp,Õ÷‘≤¡≥,1.1286024619840695,1.1572773352643013,1.0383779869659668,1.0,3.6433019551049965,10.394496741491674,4.538160753077481
44,075_3.bmp,‘≤¡≥,1.2735229759299782,1.2696515738091232,1.114122201649554,1.0,4.231442518094597,12.337485271839759,4.9892274027941435
45,077_0.bmp,Õ÷‘≤¡≥,1.1535997950294645,1.1664104534973097,1.0249807840122982,1.0,2.8756085062772225,5.279528567768383,4.367025365103766
46,079_0.bmp,∑Ω¡≥,1.1695045252339316,1.2000306795520785,1.0612057063966867,1.0,3.5192514189292834,10.37858567264918,4.624175487037889
47,080_0.bmp,Õ÷‘≤¡≥,1.1297948260481712,1.1631355932203389,1.0169491525423728,1.0,2.4310883140053523,6.53021855486173,3.405107047279215
48,083_3.bmp,¡‚–Œ¡≥,1.1959782429536838,1.2122960276907861,1.0631283995384868,1.0,4.445854623372342,9.958463820669193,5.007087522663589
49,083_4.bmp,∑Ω¡≥,1.2937101690218895,1.3014685508451094,1.0735660847880297,1.0,4.032418952618453,16.143114436131892,3.6263507896924354
50,084_1.bmp,∑Ω¡≥,1.3343195266272192,1.3821005917159765,1.209171597633136,1.0,3.689201183431953,10.530473372781065,5.070118343195267
51,084_2.bmp,∑Ω¡≥,1.4309710446328587,1.4469684850423934,1.3020316749320109,1.0,3.847864341705327,10.026235802271637,5.6784514477683565
52,084_4.bmp,∑Ω¡≥,1.3896457765667576,1.4178554255489662,1.2986055457605385,1.0,3.5964096810386277,8.615964096810385,5.703478121493829
53,085_4.bmp,‘≤¡≥,1.2140408785070458,1.2282594896534214,1.0502729465532563,1.0,3.0629681350768063,7.83597816427574,3.628411831915704
54,087_4.bmp,¿Ê–Œ¡≥,1.2501704158145877,1.2509656896159964,1.0587366507611906,1.0,2.308452624403545,6.043967280163599,3.325494205862304
55,088_1.bmp,∑Ω¡≥,1.1710752318790796,1.2068017863277225,1.1013397457918241,1.0,3.6990724836825835,7.65888010992786,6.04276880796977
56,090_1.bmp,∑Ω¡≥,1.2464340295466125,1.2699949057564952,1.066352521650535,1.0,3.151935812531839,12.468160978094753,3.392002037697402
57,091_1.bmp,–ƒ–Œ¡≥,1.2826356589147287,1.2826356589147287,1.1046511627906976,1.0,4.373023255813954,11.113643410852713,5.15906976744186
58,091_3.bmp,‘≤¡≥,1.2748511223087495,1.2748511223087495,1.0797068254695372,1.0,4.2217132386623915,15.16720109940449,4.890975721484197
59,091_4.bmp,¿Ê–Œ¡≥,1.2595904613789528,1.262571280456195,1.0526179367547952,1.0,3.532141005702437,2.965396578538103,3.6976412649040955
60,092_0.bmp,≥§¡≥,1.2654772999600585,1.2787911063773132,1.118492877113567,1.0,2.68113433630675,6.5976567700705635,4.543735854080682
61,094_0.bmp,∑Ω¡≥,1.1596319556009933,1.219366145757266,1.1001898641740908,1.0,3.2685847816562,9.558054622462393,4.355192054914561
62,094_2.bmp,∑Ω¡≥,1.2994961470065203,1.3289863663307646,1.206135151155898,1.0,3.397895672791938,9.089656194427977,4.57113218731476
63,095_1.bmp,‘≤¡≥,1.25,1.28125,1.10984375,1.0,3.51140625,6.78640625,5.9721875
64,097_0.bmp,¡‚–Œ¡≥,1.4375,1.425,1.138125,1.0,2.9856249999999998,9.149125,3.9198749999999998
65,097_2.bmp,‘≤¡≥,1.3665001920860544,1.376872839031886,1.1342041234473041,1.0,3.5931617364579327,13.48431297221155,3.4423101549494173
66,097_3.bmp,‘≤¡≥,1.3661456132939023,1.3661456132939023,1.112660188705816,1.0,3.400647796085058,9.843261512463034,4.287987607379242
67,099_3.bmp,∑Ω¡≥,1.3156632588665909,1.3147797551432538,1.1109428246876183,1.0,3.044175186166856,8.586520257478227,4.048340275148302
68,100_4.bmp,‘≤¡≥,1.2676004423147806,1.2798869640004915,1.1191792603513946,1.0,2.603268214768399,6.677478805750092,3.854404718024327
69,103_3.bmp,‘≤¡≥,1.2976883419258274,1.3154831199068684,1.1533344420422416,1.0,4.408780974555131,5.798603026775321,5.018293696989855
70,103_4.bmp,∑Ω¡≥,1.3421052631578947,1.3605091159270726,1.2100103199174406,1.0,4.5815273477812175,4.927760577915377,5.349673202614379
71,107_3.bmp,‘≤¡≥,1.2426170664056126,1.2763909283733073,1.1137216511665853,1.0,4.231522271169848,13.295154185022026,4.7335617555881875
72,109_1.bmp,‘≤¡≥,1.296087729697688,1.310906935388263,1.1458209839952578,1.0,4.160640189685832,12.479549496147007,4.53660343805572
73,109_3.bmp,‘≤¡≥,1.3174237436910248,1.3177529076146588,1.176541584375686,1.0,2.7891156462585034,3.2135176651305684,3.5309414088215934
74,110_0.bmp,‘≤¡≥,1.48402318996899,1.4980450316839693,1.2271808008628824,1.0,3.567345287852231,13.194148577592019,4.172441688014022
75,110_1.bmp,¿Ê–Œ¡≥,1.3579246047831373,1.372787461153898,1.1506553168490743,1.0,3.8188082691528167,3.088366436967977,4.093635995135792
76,112_1.bmp,Õ÷‘≤¡≥,1.2747740605676234,1.2866656096400826,1.1274774060567623,1.0,3.4211193911526876,6.817187252259394,5.3889329316632315
77,112_3.bmp,Õ÷‘≤¡≥,1.2825949367088607,1.2998417721518987,1.1431962025316456,1.0,3.6313291139240507,10.479113924050631,5.157278481012658
78,113_0.bmp,‘≤¡≥,1.3295133698721142,1.342135857830925,1.1043016110280683,1.0,5.7874107291147645,21.968111609367217,4.819133034379671
79,115_4.bmp,≥§¡≥,1.2880508859609268,1.3031955171891563,1.1211570498258367,1.0,3.5011358473421175,7.924579736483416,5.061790095411177
80,119_2.bmp,∑Ω¡≥,1.3418432011587906,1.3639326453014666,1.2145573058120587,1.0,4.323918160420062,4.426941879413363,5.48759732029694
81,120_0.bmp,Õ÷‘≤¡≥,1.2582367016381373,1.2602613657279589,1.1281060187741578,1.0,5.16123688569851,15.438799926375852,6.03957297993742
82,120_1.bmp,∑Ω¡≥,1.3293086660175268,1.350535540408958,1.1957156767283348,1.0,5.501655306718598,17.59513145082765,6.470886075949366
83,120_2.bmp,∑Ω¡≥,1.2398306644579422,1.2784833425363518,1.116694275722437,1.0,5.245168415240199,13.115405853119823,5.973679366832322
84,121_4.bmp,∑Ω¡≥,1.2933726067746685,1.3101620029455079,1.1768777614138437,1.0,4.036082474226804,14.155670103092781,4.827982326951399
85,122_0.bmp,‘≤¡≥,1.2595904613789528,1.3001555209953344,1.1423017107309488,1.0,3.2529808190772425,11.576334888543288,4.207361327112493
86,124_2.bmp,∑Ω¡≥,1.221993670886076,1.2378164556962026,1.092879746835443,1.0,3.9862341772151897,11.12753164556962,5.495094936708861
87,124_4.bmp,‘≤¡≥,1.244501525124418,1.2587895328303098,1.129394766415155,1.0,4.157970781826939,10.923904318510194,5.404719858725318
88,126_0.bmp,∑Ω¡≥,1.1952269872600036,1.2129912076081104,1.0839763143728691,1.0,4.682038399425803,11.963394939888751,5.950834380046653
89,128_4.bmp,∑Ω¡≥,1.209279845335911,1.2261962300628322,1.096665055582407,1.0,3.9400676655389075,9.884968583856935,5.735782181408087
90,129_0.bmp,∑Ω¡≥,1.2495327102803737,1.2663551401869158,1.126791277258567,1.0,3.8507788161993766,9.659813084112148,5.235981308411215
91,130_2.bmp,¿Ê–Œ¡≥,1.208796520057999,1.2261962300628322,1.103109392621234,1.0,3.6160786209118734,12.10681488641856,4.710649266956661
92,131_3.bmp,∑Ω¡≥,1.258651347284913,1.3000957461359595,1.1392422377239777,1.0,3.2549582820407603,8.878949528108329,5.402954452195322
93,133_4.bmp,≥§¡≥,1.0510491299897646,1.0766376663254864,0.9626407369498464,1.0,2.7270982599795293,6.125255885363358,3.6091351074718525
94,134_1.bmp,∑Ω¡≥,1.3458146371654032,1.3304966733714993,1.186136469131982,1.0,3.7507349528082936,11.766517097323225,4.470988704935788
95,136_0.bmp,‘≤¡≥,1.3982683982683983,1.4163059163059164,1.2350288600288601,1.0,5.008297258297259,10.727633477633479,4.991883116883117
96,136_2.bmp,∑Ω¡≥,1.523453787352328,1.540653231410702,1.3467685892981236,1.0,4.973766504517026,3.3330437804030573,4.799166087560806
97,138_0.bmp,‘≤¡≥,1.2375718211341493,1.2495628278790907,1.0743192605545842,1.0,3.071196602548089,10.187609293030228,3.9083187609293026
98,139_2.bmp,¿Ê–Œ¡≥,1.2281879194630874,1.2566043124375268,1.1142367556761388,1.0,3.1684992146223045,8.90861059545909,4.907039840068542
99,139_3.bmp,Õ÷‘≤¡≥,1.1569000679809653,1.1866757307953772,1.0640380693405846,1.0,3.2795377294357584,7.948062542488104,3.7617946974847047
100,141_0.bmp,∑Ω¡≥,1.222295168067227,1.2345063025210083,1.0655199579831933,1.0,3.3461134453781516,6.027442226890757,5.068802521008404
101,141_3.bmp,Õ÷‘≤¡≥,1.1775737196068288,1.205250905328505,1.069968960165546,1.0,3.424340403517848,12.617951370926022,4.4265390584583555
102,142_4.bmp,∑Ω¡≥,1.1771583956492182,1.1906186267845003,1.066077498300476,1.0,3.320462270564242,10.994561522773623,3.8746430999320194
103,149_3.bmp,‘≤¡≥,1.3159283432856548,1.3453686987918343,1.2195528398833493,1.0,3.6246354672962084,8.49020969309818,4.361477572559366
104,152_0.bmp,¡‚–Œ¡≥,1.0747643757280525,1.0958381870168379,0.9157047548448586,1.0,2.3473472413427934,5.733453351689081,3.018426347559038
105,155_1.bmp,¡‚–Œ¡≥,1.2068431427766826,1.2051534778935513,1.0340749084764855,1.0,3.3621515066178542,8.041678400450579,4.414812728808787
106,156_2.bmp,∑Ω¡≥,1.3099407327586208,1.3359375000000002,1.1721443965517242,1.0,3.1854795258620694,8.496901939655173,4.199488146551724
107,157_1.bmp,–ƒ–Œ¡≥,1.2526084568918177,1.266199890170236,1.1221856123009335,1.0,3.7063426688632624,10.719247666117516,4.376441515650741
108,161_3.bmp,∑Ω¡≥,1.2759455370650532,1.2965204236006054,1.1119515885022695,1.0,4.579122541603631,9.267624810892588,4.407413010590015
109,165_3.bmp,∑Ω¡≥,1.3385001476232656,1.3550339533510483,1.1755240625922645,1.0,3.4787422497785654,13.286389134927665,4.398878063182758
110,165_4.bmp,∑Ω¡≥,1.3365021880187113,1.340123736230572,1.1424475629998492,1.0,3.7069563905236156,4.511845480609628,4.10925003772446
111,166_0.bmp,‘≤¡≥,1.1857337955667613,1.209370732219771,1.0712259691144028,1.0,2.2238680533669504,6.6519592394159055,2.8002941485450155
112,167_4.bmp,∑Ω¡≥,1.536872105450659,1.5178126113288206,1.3211613822586392,1.0,3.986284289276808,9.34788029925187,5.6029568934805845
113,173_4.bmp,∑Ω¡≥,1.299277605779154,1.3144134846921225,1.169762641898865,1.0,4.169418644650842,8.365669074647403,6.256105951152391
114,174_0.bmp,–ƒ–Œ¡≥,1.1847989804194183,1.2077395435059668,1.0307032788784614,1.0,2.9726567025837096,9.848337388483374,2.977291159772912
115,175_1.bmp,Õ÷‘≤¡≥,1.261892517356647,1.261892517356647,1.0636410388274622,1.0,3.0321419388017485,8.792363075340704,3.6034970429416298
116,176_4.bmp,∑Ω¡≥,1.1421443193449334,1.168756397134084,1.0286591606960083,1.0,2.607855680655067,5.173362333674515,4.947415557830093
117,177_0.bmp,∑Ω¡≥,1.1252595155709342,1.166643598615917,1.0413840830449825,1.0,2.9085121107266434,5.89923875432526,4.276539792387544
118,177_1.bmp,≥§¡≥,1.0976782752902157,1.132006633499171,1.0330016583747927,1.0,3.707794361525705,6.758540630182422,5.434162520729685
119,178_1.bmp,Õ÷‘≤¡≥,1.2638344568114126,1.2813920677222135,1.0907665778335163,1.0,3.7142185295500862,10.77708104718608,4.674870669383916
120,180_1.bmp,‘≤¡≥,1.2535510420815081,1.279968140183194,1.1453604141776186,1.0,3.10049117217576,10.880658436213992,3.85941855834329
121,180_4.bmp,∑Ω¡≥,1.3710657095527332,1.3710657095527332,1.2472390944229708,1.0,3.1456377691882937,4.684428492545555,3.9649364991717286
122,181_3.bmp,‘≤¡≥,1.396506165590135,1.396506165590135,1.17586611861421,1.0,3.9587492660011745,15.910452143276569,4.119641808573106
123,182_1.bmp,∑Ω¡≥,1.3348606811145511,1.3580185758513932,1.2199380804953561,1.0,3.130278637770898,6.415232198142415,3.3263157894736843
124,183_0.bmp,∑Ω¡≥,1.2916858767481174,1.3219609651144921,1.1679729522053175,1.0,3.7307514983863532,9.243122790840635,4.818964192408176
125,185_0.bmp,Õ÷‘≤¡≥,1.3120868744098206,1.322119924457035,1.150967894239849,1.0,3.253541076487252,10.422804532577903,3.8572946175637397
126,186_3.bmp,∑Ω¡≥,1.3327784251706343,1.3494256700516065,1.165806559014483,1.0,4.355252205759947,10.601132012651906,5.518062260695856
127,187_0.bmp,‘≤¡≥,1.2219052344331431,1.2453485487472091,1.0950136442570082,1.0,3.551352021830811,11.067973207640783,3.909947903745969
128,189_1.bmp,¡‚–Œ¡≥,1.2434749232343911,1.2698311156601843,1.0774053224155578,1.0,3.541581371545548,8.956627430910952,4.451509723643808
129,194_0.bmp,∑Ω¡≥,1.2296076580827828,1.2564379129027907,1.1069165430767156,1.0,3.310368073345018,10.582985034380478,3.9681812053390857
130,195_3.bmp,∑Ω¡≥,1.185221433814534,1.1990457548323956,1.048568632248593,1.0,3.422804012723269,15.603009542451678,3.22351357964277
131,197_3.bmp,≥§¡≥,1.0831339712918662,1.1202153110047848,0.9617224880382776,1.0,3.123803827751196,8.002751196172248,3.5679425837320573
132,198_2.bmp,∑Ω¡≥,1.3284584390389493,1.3433815848380837,1.223996418445008,1.0,3.510670049246381,9.032383226384121,6.044769437397403
133,199_1.bmp,∑Ω¡≥,1.2951714485654304,1.307627711686494,1.1357592722183345,1.0,3.4110566829951012,9.122883135059482,4.599860041987404
134,200_1.bmp,‘≤¡≥,1.4231746569540913,1.4567169235981703,1.2700321870235474,1.0,5.166525495510758,9.803489750974082,6.067592749449433
135,201_0.bmp,∑Ω¡≥,1.435366739288308,1.435366739288308,1.235838779956427,1.0,4.675381263616558,14.632534495279595,6.746913580246914
136,201_2.bmp,∑Ω¡≥,1.4441770042584707,1.4628772449546381,1.262358822440289,1.0,4.529716719126088,9.712645806332162,8.310868357711536
137,202_2.bmp,∑Ω¡≥,1.197932182598791,1.2153684394988173,1.0456496977131342,1.0,2.5293086830806977,12.13861386138614,2.3851748006659075
138,203_3.bmp,∑Ω¡≥,1.2598812798610106,1.2747936875633417,1.1007673374837124,1.0,3.087157955697119,9.847545967858695,4.352396119878385
139,206_1.bmp,∑Ω¡≥,1.3585972850678734,1.3768853695324283,1.2256787330316743,1.0,4.032239819004525,7.501696832579185,7.005279034690799
140,207_0.bmp,∑Ω¡≥,1.2731714765613071,1.2884409833562376,1.118491372728661,1.0,4.0622995877233175,14.179874790044282,4.3202015574896935
141,208_4.bmp,∑Ω¡≥,1.4913037015014121,1.4764382339824587,1.237104206927308,1.0,6.361676824736138,12.478965363460683,3.800654080570834
142,210_0.bmp,∑Ω¡≥,1.219366145757266,1.2338250328611071,1.0870454213524172,1.0,3.641010661603622,10.156564918942601,4.677230904045567
143,211_0.bmp,∑Ω¡≥,1.2622837370242215,1.2889965397923875,1.1352249134948096,1.0,3.7457439446366783,10.727058823529411,4.31681660899654
144,211_1.bmp,∑Ω¡≥,1.2182588492551591,1.2455924559245592,1.0934809348093482,1.0,3.793357933579336,8.300806341396747,4.2647259805931395
145,219_0.bmp,∑Ω¡≥,1.2206557896404244,1.268176778076984,1.140662125772216,1.0,3.986218913353398,10.967210517978774,5.01726595913195
146,221_2.bmp,∑Ω¡≥,1.259186189889026,1.2721331689272504,1.149075215782984,1.0,2.925154130702836,3.323427866831073,3.3450061652281136
147,223_0.bmp,¡‚–Œ¡≥,1.2472324723247235,1.2707257072570726,1.0848708487084873,1.0,2.9469864698646986,7.634563345633457,3.555965559655597
148,224_2.bmp,∑Ω¡≥,1.2981044592936042,1.2844674757943544,1.0786853947906723,1.0,3.409654984317469,12.220100913677895,3.7950361380062736
149,227_3.bmp,¿Ê–Œ¡≥,1.2691455306574735,1.2691455306574735,1.0837232208815561,1.0,2.8852499384388084,7.405565131740951,4.168554543215957
150,228_0.bmp,‘≤¡≥,1.3589628465596586,1.3705241890223367,1.1799304074531374,1.0,2.450892356044449,9.029745201481647,3.265910876641598
151,230_0.bmp,∑Ω¡≥,1.4216055726847094,1.4101861368048418,1.213886034029919,1.0,3.0294621445700587,3.370446499942903,3.1756309238323626
152,232_2.bmp,∑Ω¡≥,1.2953681543009996,1.2953681543009996,1.0982683373222581,1.0,3.5763761790792623,11.399267914965508,4.502041390961565
153,237_0.bmp,∑Ω¡≥,1.2853433727119306,1.311177463325977,1.1424120472543164,1.0,2.9332727508762817,7.1496819421004805,4.4914968194210045
154,237_2.bmp,∑Ω¡≥,1.274367649428065,1.3227001772192686,1.1443531496697277,1.0,3.672627678427582,8.538585468019978,5.658289028516191
155,240_0.bmp,∑Ω¡≥,1.255656819610308,1.255656819610308,1.0933375235700817,1.0,3.9585166561910747,11.856065367693274,4.685260842237587
156,243_1.bmp,‘≤¡≥,1.294186729301233,1.294186729301233,1.1368173810921902,1.0,4.895870033274613,14.892151105891564,6.222352710902328
157,251_1.bmp,∑Ω¡≥,1.3045523906408953,1.3158697863682605,1.1215666327568667,1.0,3.9685910478128177,12.361902339776195,3.961342828077314
158,252_0.bmp,∑Ω¡≥,1.2418184749314847,1.2579397065935838,1.112848621634693,1.0,4.529743672416573,12.801064001289697,4.716266322747058
159,254_2.bmp,∑Ω¡≥,1.2913037990660103,1.2913037990660103,1.0776221128360468,1.0,4.244351886911523,7.681938659598637,3.601413605957339
160,256_1.bmp,∑Ω¡≥,1.3225748930099859,1.30367332382311,1.1595934379457917,1.0,4.811875891583453,18.302246790299574,5.669579172610557
161,258_4.bmp,–ƒ–Œ¡≥,1.2068458939327165,1.2068458939327165,1.0154252974878804,1.0,4.327750844718672,12.130307036873807,4.669751726164243
162,260_2.bmp,‘≤¡≥,1.2361553150859323,1.256312327604498,1.1046042860173986,1.0,2.316040738383195,5.6966900063653725,3.197644812221515
163,261_0.bmp,¿Ê–Œ¡≥,1.308507371007371,1.3544226044226044,1.2294226044226044,1.0,3.4709766584766584,9.275337837837837,4.339373464373463
164,262_0.bmp,‘≤¡≥,1.247123791992637,1.277649946310784,1.137751188832643,1.0,4.188372449762234,15.97330878969167,4.8487498082527996
165,262_1.bmp,‘≤¡≥,1.2942687429764008,1.3122491571680848,1.1650345159736715,1.0,4.829346604591427,12.439877990046556,4.832396853427516
166,262_4.bmp,∑Ω¡≥,1.244041556325117,1.2860052963943776,1.1415766958647382,1.0,5.724383784884905,14.00101853738032,6.563251171317987
167,264_1.bmp,∑Ω¡≥,1.2078642519171154,1.2439223364333496,1.104258443465492,1.0,4.10833741230217,13.419481155163975,4.177843041279164
168,264_3.bmp,∑Ω¡≥,1.3067870385297438,1.3227470578752216,1.1625020151539578,1.0,4.160728679671126,13.725939061744317,4.96743511204256
169,265_0.bmp,‘≤¡≥,1.1630565583634174,1.2108904933814681,1.1033393501805053,1.0,3.9199759326113117,3.8820697954271957,4.5651323706377855
170,267_1.bmp,≥§¡≥,1.2124791761320612,1.2276238073602908,1.0454338936846888,1.0,3.729516886263819,9.200060578524914,4.749659245797365
171,267_4.bmp,Õ÷‘≤¡≥,1.3149866007008864,1.2914862914862915,1.1253349824778398,1.0,5.555555555555555,16.280766852195423,5.932797361368791
172,269_1.bmp,≥§¡≥,1.2406801007556676,1.2545340050377833,1.0627204030226698,1.0,3.058564231738035,10.133501259445843,3.6527707808564225
173,271_0.bmp,∑Ω¡≥,1.3983491835636104,1.4514624080387584,1.2998385070877445,1.0,4.0916920868473,11.716849093845326,4.704647407141576
174,271_2.bmp,∑Ω¡≥,1.364937388193202,1.4146690518783542,1.335778175313059,1.0,4.056708407871199,10.569051878354204,4.719856887298747
175,275_4.bmp,–ƒ–Œ¡≥,1.1769935713308712,1.1769935713308712,0.998905758446177,1.0,3.3191081931336344,8.863766926549035,4.306250854876214
176,276_1.bmp,‘≤¡≥,1.3856101251891595,1.399229605172651,1.2019535011693494,1.0,3.4739303893245292,10.821020773146238,3.7267849773008663
177,278_4.bmp,‘≤¡≥,1.4058016219588272,1.4058016219588272,1.2174048658764816,1.0,4.029943855271365,14.807392389270118,4.789145352464129
178,280_0.bmp,–ƒ–Œ¡≥,1.2009053388363733,1.2267341232858475,1.025562508321129,1.0,3.224204500066569,7.115696977765944,4.370523232592198
179,280_3.bmp,Õ÷‘≤¡≥,1.215166379424632,1.2317380352644836,1.0971761898448893,1.0,3.4523399178045873,8.799416677714436,3.8008749834283435
180,281_0.bmp,Õ÷‘≤¡≥,1.2841366960155198,1.3145799134457543,1.196239367258618,1.0,3.183405461871362,8.886434860468587,5.185494702283242
181,281_2.bmp,‘≤¡≥,1.2725344644750793,1.303135888501742,1.21436146038479,1.0,3.2255718830480227,9.140281775488562,5.271019542493561
182,282_2.bmp,∑Ω¡≥,1.295165766028918,1.3097707024974443,1.161238498612531,1.0,3.8089674309916752,12.303198481086607,4.312837739155835
183,283_4.bmp,‘≤¡≥,1.3859592883474916,1.4018272158999838,1.2248757813752205,1.0,4.366565154672223,12.106427312069243,5.177592562910722
184,284_4.bmp,∑Ω¡≥,1.285857142857143,1.285857142857143,1.1572857142857143,1.0,3.1807142857142856,7.450142857142857,4.998285714285714
185,286_0.bmp,‘≤¡≥,1.4843253066787825,1.499469937907012,1.3027411782523095,1.0,3.535362713917916,9.043919430561864,5.335907920642132
186,288_0.bmp,∑Ω¡≥,1.35423197492163,1.3706435552277338,1.2021021574774111,1.0,4.634150839018994,12.02747556702932,6.040199151761018
187,288_2.bmp,∑Ω¡≥,1.3313362381989833,1.3298838053740014,1.1641249092229486,1.0,4.589143064633261,10.389070442992013,6.072803195352216
188,290_2.bmp,∑Ω¡≥,1.2146805896805895,1.2309582309582308,1.0912162162162162,1.0,3.633292383292383,12.1504914004914,4.5611179361179355
189,291_2.bmp,Õ÷‘≤¡≥,1.2697608110248693,1.268810391256138,1.0773008078568034,1.0,4.177886900047521,10.968477744337083,5.175035640741327
190,293_4.bmp,Õ÷‘≤¡≥,1.1466666666666667,1.1878666666666666,1.0522666666666667,1.0,3.1641333333333335,10.904,3.7396000000000003
191,298_2.bmp,∑Ω¡≥,1.2505315379163713,1.248405386250886,1.087880935506733,1.0,4.495216158752658,13.02285613040397,5.713855421686747
192,299_1.bmp,∑Ω¡≥,1.2282114105705286,1.244487224361218,1.0855792789639482,1.0,4.190409520476024,10.196534826741336,5.695134756737837
193,299_2.bmp,∑Ω¡≥,1.255549099360837,1.2558977338756536,1.0469494479953516,1.0,2.4280069726902966,6.280302149912841,3.66089482858803
194,301_1.bmp,Õ÷‘≤¡≥,1.1696494758021814,1.1898760986974477,1.0096367679762788,1.0,2.766917293233082,11.995975855130784,2.8414698718627553
195,303_1.bmp,Õ÷‘≤¡≥,1.2871065989847716,1.325482233502538,1.1821319796954315,1.0,5.137258883248731,15.333401015228425,5.79776649746193
196,303_3.bmp,Õ÷‘≤¡≥,1.1848778238819733,1.1896419240817582,1.065775318887352,1.0,3.4319963116643617,5.809282311357,4.808206546795759
197,304_3.bmp,∑Ω¡≥,1.2668354430379747,1.278987341772152,1.1140506329113924,1.0,2.8350632911392406,6.892278481012658,3.9513924050632916
198,305_1.bmp,∑Ω¡≥,1.2686547024693025,1.2960464174875186,1.137363378761301,1.0,3.1102415328565645,8.533531237349886,3.810821751450547
199,305_3.bmp,∑Ω¡≥,1.2693589743589744,1.294871794871795,1.1416666666666666,1.0,2.9337179487179488,7.013461538461538,4.028333333333333
200,305_4.bmp,∑Ω¡≥,1.3213711837171935,1.3211926441706838,1.178896625602571,1.0,4.124799143010177,9.475629351901446,5.857703981431887
201,306_3.bmp,∑Ω¡≥,1.3334848484848485,1.3183333333333334,1.1365151515151517,1.0,3.9403030303030304,11.361515151515151,4.667424242424243
202,310_0.bmp,∑Ω¡≥,1.1647058823529413,1.2004753416518121,1.0943553178847296,1.0,2.6809269162210336,7.453713606654783,3.9757575757575756
203,312_3.bmp,∑Ω¡≥,1.3629483880732558,1.3776297865899805,1.2111397003178448,1.0,3.3385802936279707,10.134856969880431,4.703042227940064
204,314_1.bmp,∑Ω¡≥,1.2811914184544886,1.3020204124140804,1.1145594667777547,1.0,2.283378462820246,5.934284524057488,3.3120183295146846
205,316_3.bmp,∑Ω¡≥,1.2501666666666666,1.2671666666666668,1.102,1.0,3.8635,7.1883333333333335,5.9055
206,318_1.bmp,∑Ω¡≥,1.4005344418052257,1.3993467933491688,1.233669833729216,1.0,3.8889548693586695,12.445961995249407,4.6604809976247035
207,319_0.bmp,∑Ω¡≥,1.2729302645139127,1.292339402267262,1.193060803847475,1.0,3.896770869117142,10.108553761593955,5.253692889041567
208,320_4.bmp,¿Ê–Œ¡≥,1.1864628250359335,1.2196524238860578,1.0989154579903304,1.0,3.11172089376715,7.278714229713837,4.278975565137855
209,322_0.bmp,∑Ω¡≥,1.2638286690316647,1.2769675469714885,1.1056365786361846,1.0,3.40073577716463,11.801340165549863,4.023255813953488
210,323_1.bmp,–ƒ–Œ¡≥,1.1854125035683698,1.1996859834427633,1.0138452754781615,1.0,3.5612332286611474,8.688980873536968,4.8143020268341425
211,325_2.bmp,∑Ω¡≥,1.326830029655065,1.3269861089433432,1.2183549243015455,1.0,3.7799282035273922,7.52114874356173,4.335726549086937
212,325_3.bmp,∑Ω¡≥,1.3776179394965093,1.4002538607996613,1.2358789930188279,1.0,5.946900782737465,4.503913687328115,5.830547916225936
213,326_2.bmp,∑Ω¡≥,1.3519298245614035,1.3519298245614035,1.1408771929824562,1.0,4.104561403508772,12.227894736842105,5.021228070175439
214,329_4.bmp,∑Ω¡≥,1.2759986225895317,1.2932162534435263,1.1196625344352618,1.0,3.962982093663912,11.391356749311296,4.782541322314049
215,332_1.bmp,¡‚–Œ¡≥,1.2809621289662232,1.2809621289662232,1.0886642784032754,1.0,4.051944728761515,6.786975435005118,3.3719293756397137
216,332_3.bmp,¡‚–Œ¡≥,1.2819462227912934,1.2942381562099872,1.1274007682458387,1.0,3.94033290653009,3.373623559539053,3.4318822023047373
217,337_0.bmp,≥§¡≥,1.2307796243750844,1.244966896365356,1.0678286718011079,1.0,3.5716795027698955,10.057289555465477,4.155114173760302
218,337_1.bmp,∑Ω¡≥,1.250143981570359,1.251487809560376,1.0957957381455172,1.0,5.132846995584565,15.152044538299096,5.786907275868688
219,338_0.bmp,‘≤¡≥,1.2871241680055083,1.2999770484278172,1.1618085838879963,1.0,3.1064952949277025,7.232269910488869,3.739729171448244
220,339_3.bmp,∑Ω¡≥,1.2063009534337432,1.241122011883377,1.0617659251070886,1.0,3.3775044908111096,7.055133342545253,5.514716042559072
221,343_3.bmp,∑Ω¡≥,1.2666547915924475,1.2835767723548273,1.1400071250445316,1.0,4.658888493053082,12.196116850730318,5.8389739935874605
222,355_2.bmp,≥§¡≥,1.1360065023028991,1.1494175020319697,1.0288539691140615,1.0,4.4636954754808995,13.355188295854783,3.8998916282850176
223,356_2.bmp,Õ÷‘≤¡≥,1.2571037315987674,1.2911674084217735,1.1343717904827113,1.0,5.27798699075659,12.093803491954809,4.9465936323176996
224,357_4.bmp,¿Ê–Œ¡≥,1.2249438202247191,1.247191011235955,1.1469662921348314,1.0,2.6393258426966293,9.369775280898876,3.3859550561797755
225,359_1.bmp,–ƒ–Œ¡≥,1.1983078349559573,1.2225312934631434,1.0462447844228093,1.0,3.8311312007417713,10.608947612424664,3.4268660176170607
226,364_0.bmp,¿Ê–Œ¡≥,1.3165084124604365,1.3336665000832917,1.1570881226053638,1.0,4.91704147926037,4.2996834915875395,5.1479260369815085
227,364_1.bmp,‘≤¡≥,1.3721677375718635,1.4071694284748055,1.202401082177883,1.0,4.69901927629354,13.287115319580655,5.548190733851877
228,364_2.bmp,‘≤¡≥,1.3191489361702127,1.3404255319148937,1.1914893617021276,1.0,5.614893617021276,14.542340425531915,7.2017021276595745
229,367_1.bmp,∑Ω¡≥,1.3849628912552439,1.3988383349467572,1.2449177153920619,1.0,5.539528880283963,8.017909002904164,4.71377863827041
230,368_2.bmp,∑Ω¡≥,1.2259000537345512,1.2578183772165503,1.1071466953250941,1.0,3.286835034927458,2.4764105319720584,3.1651800107469104
231,371_4.bmp,≥§¡≥,1.1141832312060977,1.1289792258257363,1.0085189059931252,1.0,4.124495591092513,11.251382454042744,4.342400239127186
232,372_3.bmp,∑Ω¡≥,1.2592760866272907,1.28956534908375,1.1979403301529608,1.0,3.471452370134787,8.7955474784189,5.27108889898531
233,374_0.bmp,∑Ω¡≥,1.3487878787878786,1.3637878787878788,1.1822727272727274,1.0,3.3393939393939394,11.674696969696969,4.848030303030304
234,375_4.bmp,∑Ω¡≥,1.4112460815047023,1.4108542319749218,1.2737068965517242,1.0,5.1920062695924765,15.176528213166145,5.853056426332289
235,378_0.bmp,‘≤¡≥,1.3217361350327248,1.3217361350327248,1.138247789642898,1.0,3.0497186818234012,7.51475485130325,3.458261568492364
236,379_4.bmp,‘≤¡≥,1.2878959989902814,1.2878959989902814,1.09819512810804,1.0,3.8775716269089995,12.390634860532627,3.7825318692414487
237,380_1.bmp,Õ÷‘≤¡≥,1.3038785834738618,1.3023608768971333,1.115008431703204,1.0,4.164755480607083,13.956829679595279,4.721922428330523
238,382_3.bmp,∑Ω¡≥,1.3631329113924051,1.3482594936708858,1.1919303797468355,1.0,4.906487341772151,10.874525316455696,4.484335443037975
239,383_1.bmp,∑Ω¡≥,1.3801337153772684,1.399235912129895,1.2297994269340973,1.0,5.127029608404966,4.46189111747851,5.677172874880611
240,386_0.bmp,¿Ê–Œ¡≥,1.380963712076145,1.3925044616299822,1.2016656751933374,1.0,3.5669244497323023,3.649375371802499,3.5753718024985126
241,388_2.bmp,≥§¡≥,1.241580405306896,1.224814112844438,1.0453418865723867,1.0,4.570782912961072,13.266656947076834,3.9464936579676335
242,390_1.bmp,¿Ê–Œ¡≥,1.2581587083476469,1.2581587083476469,1.119718309859155,1.0,4.6523531432497425,11.144280316042598,5.933012710408795
243,391_1.bmp,∑Ω¡≥,1.2897166507481692,1.2817574021012417,1.1130213307863739,1.0,6.285577841451767,11.93170964660936,4.105539637058262
244,391_4.bmp,∑Ω¡≥,1.3017712299288198,1.3181592451580864,1.147988743585499,1.0,4.962257904320476,10.563648402582354,4.799867571594107
245,396_1.bmp,‘≤¡≥,1.2839781243670245,1.3040307879278914,1.117075146850314,1.0,6.577476200121532,17.410978326919185,6.198906218351226
246,397_3.bmp,∑Ω¡≥,1.2926122646064704,1.3099951714147755,1.1723804925156929,1.0,4.568002575245453,7.230967326573314,5.242073072589731
247,403_4.bmp,≥§¡≥,1.2084466485362344,1.2242841145416734,1.0795072788353863,1.0,4.668852983522637,12.741481362981924,4.921452567589186
248,404_1.bmp,¡‚–Œ¡≥,1.2043383947939263,1.215943600867679,1.0372017353579175,1.0,3.1585683297180047,7.101084598698482,3.0297180043383944
249,411_3.bmp,–ƒ–Œ¡≥,1.2674050632911391,1.2515822784810124,1.094620253164557,1.0,3.6610759493670884,10.150632911392405,4.785284810126583
250,412_2.bmp,Õ÷‘≤¡≥,1.256216772423255,1.2903447093122962,1.1351397701937918,1.0,3.9247127422397527,12.042702795403876,4.676727833990739
251,413_1.bmp,¿Ê–Œ¡≥,1.2935469645744524,1.3082463618991622,1.2053505806261944,1.0,3.162722328384536,9.8657945024254,4.834337792150522
252,413_3.bmp,∑Ω¡≥,1.2791734800059462,1.3102423071205591,1.1966701352757545,1.0,3.443882860115951,2.9753233239185377,4.52727813289728
253,416_1.bmp,‘≤¡≥,1.3015394381844152,1.3015394381844152,1.095222980479289,1.0,4.461990160292017,11.55038882717029,5.100618949373115
254,419_2.bmp,Õ÷‘≤¡≥,1.2789210556911985,1.2789210556911985,1.0233693756539937,1.0,3.5843506569003605,13.130915009882573,3.663760027903732
255,423_4.bmp,‘≤¡≥,1.339862578197108,1.329607219772331,1.1438826786996206,1.0,2.8775510204081627,8.794277509998974,3.1906471131166034
256,425_2.bmp,‘≤¡≥,1.3753986964360008,1.3763694355845237,1.1715434752461518,1.0,4.559977811676605,8.245042296491471,4.197753432256275
257,425_4.bmp,‘≤¡≥,1.374566152991809,1.360821879772317,1.180202693322227,1.0,3.990698320144384,12.184922948771344,4.356656948493683
258,427_2.bmp,‘≤¡≥,1.5070668295236433,1.5088117257023206,1.2814517536206596,1.0,5.135752922701099,8.338858837899144,5.179200837550165
259,430_4.bmp,¡‚–Œ¡≥,1.299984910215784,1.3141693073789047,1.1020069413007394,1.0,4.159197223479705,15.048136411649315,4.609023690961219
260,433_1.bmp,∑Ω¡≥,1.1976315789473684,1.2107894736842104,1.0657894736842106,1.0,3.1999999999999997,8.675394736842106,3.912894736842105
261,436_4.bmp,∑Ω¡≥,1.2437507621021826,1.255944397024753,1.085355444457993,1.0,3.7360078039263502,12.3984879892696,3.77661260821851
262,440_1.bmp,¡‚–Œ¡≥,1.2396083819993131,1.2581587083476469,1.084335279972518,1.0,5.059086224665064,16.223119203023018,4.518206801786328
263,443_3.bmp,‘≤¡≥,1.305112927809339,1.309824026603852,1.1576832478869337,1.0,4.359567687404739,9.79229596785368,3.6774282943051126
264,445_0.bmp,Õ÷‘≤¡≥,1.1848823866896157,1.2293459552495696,1.0567986230636834,1.0,4.397733792312106,11.145869191049915,3.714142283419392
265,447_0.bmp,∑Ω¡≥,1.322322919150966,1.33567851180539,1.2041497734319104,1.0,4.182685428094443,12.014786549010255,3.1795850226568088
266,449_3.bmp,∑Ω¡≥,1.372142966712686,1.3707623868691516,1.1236385948765149,1.0,5.293603313391625,23.221352968246663,4.275502377665287
267,453_2.bmp,∑Ω¡≥,1.2669223394055609,1.2669223394055609,1.1163950143815915,1.0,5.980249280920422,9.052348993288591,6.073633748801535
268,454_2.bmp,Õ÷‘≤¡≥,1.2868991198375086,1.3038253215978335,1.1003723764387272,1.0,5.247291807718348,9.435003385240352,3.9785037237643874
269,456_0.bmp,¡‚–Œ¡≥,1.2581648522550544,1.2711249351995852,1.0640228097459823,1.0,3.757387247278383,12.374935199585279,4.106272680145152
270,457_2.bmp,Õ÷‘≤¡≥,1.1823493609251368,1.1817407181984174,0.9376749847839317,1.0,4.221302495435179,17.274254412659765,3.12477175897748
271,458_1.bmp,Õ÷‘≤¡≥,1.2897429171038826,1.2897429171038826,1.0924711437565584,1.0,5.2113064008394545,16.307712486883528,3.143625393494229
272,458_2.bmp,Õ÷‘≤¡≥,1.2470401386081431,1.2601790355183367,1.0996246029454229,1.0,4.415391279237655,5.979064395033208,3.518769852728848
273,459_0.bmp,‘≤¡≥,1.3469793887704338,1.3735607675906183,1.2589907604832977,1.0,4.104335465529496,7.512153518123668,3.990760483297797
274,462_2.bmp,∑Ω¡≥,1.1022996280013526,1.1528576259722694,1.0326344267839025,1.0,4.959418329387893,13.99695637470409,4.583361515049036
275,463_0.bmp,∑Ω¡≥,1.2807731434384537,1.2948880976602237,1.0756612410986774,1.0,4.704984740590031,9.894201424211598,2.987283825025432
276,465_0.bmp,∑Ω¡≥,1.231222385861561,1.2458026509572901,1.0653902798232695,1.0,4.498674521354933,14.631958762886596,3.370103092783505
277,465_1.bmp,¿Ê–Œ¡≥,1.2297338635668402,1.2465585806056898,1.092841847659835,1.0,4.514836341388804,6.7529825634750695,3.651422453349648
278,466_1.bmp,‘≤¡≥,1.2863924050632911,1.303639240506329,1.1262658227848101,1.0,5.546202531645569,14.839082278481012,4.02009493670886
279,469_1.bmp,‘≤¡≥,1.3592097075295582,1.374611076540137,1.1684816428126945,1.0,6.578562538892346,14.982420659614188,3.520379589296826
280,473_3.bmp,Õ÷‘≤¡≥,1.2399943230201536,1.2399943230201536,1.0960828839057624,1.0,3.9254896395117798,9.250212886744253,3.6768379222253764
281,474_1.bmp,‘≤¡≥,1.237486298867373,1.2614176105224697,1.103763244428206,1.0,6.99579831932773,12.834672999634638,4.308732188527585
282,479_1.bmp,Õ÷‘≤¡≥,1.2692539109506618,1.2978339350180506,1.131768953068592,1.0,3.444043321299639,3.760830324909747,3.2232250300842358
283,480_0.bmp,‘≤¡≥,1.2581587083476469,1.292339402267262,1.1185159738921333,1.0,3.8055650979045,9.384060460322914,5.034008931638612
284,480_3.bmp,∑Ω¡≥,1.2598914763735023,1.292674655211395,1.1565679403120055,1.0,2.4021026452633962,9.040922450825231,2.890232873615193
285,482_0.bmp,∑Ω¡≥,1.3762437810945274,1.3762437810945274,1.2252487562189054,1.0,2.812189054726368,5.023009950248756,3.2543532338308454
286,483_0.bmp,‘≤¡≥,1.3052725420275089,1.3192817116658178,1.142129393785023,1.0,3.251528273051452,5.027636271013755,3.3760825267447783
287,484_4.bmp,Õ÷‘≤¡≥,1.1538123489343002,1.1645792133597013,1.0108767303889257,1.0,2.4941771039332017,7.484069435288949,3.040430674577016
288,486_1.bmp,–ƒ–Œ¡≥,1.2589907604832977,1.2730632551528076,1.1003553660270078,1.0,3.440085287846482,3.292537313432836,3.0645344705046202
289,489_0.bmp,∑Ω¡≥,1.2299322521042906,1.249230137548758,1.0687743789776227,1.0,2.320570724697187,6.2223362759187015,2.685896119893246
290,489_4.bmp,∑Ω¡≥,1.1648879402347918,1.2002845962291,1.0901814300960513,1.0,3.929206688011384,10.178584133760229,5.349163998577019
291,490_2.bmp,∑Ω¡≥,1.266426762628282,1.2662934826069572,1.0797014527522324,1.0,2.7552978808476607,5.838198054111689,4.059976009596162
292,490_4.bmp,∑Ω¡≥,1.2102440050483803,1.209928481278923,1.0519562473706352,1.0,2.0462768195204037,5.088451830037863,3.181215818258309
293,492_1.bmp,‘≤¡≥,1.3036187113857016,1.3152187618207036,1.0996091287353422,1.0,3.0612785272979446,8.95599546084983,3.159500693481276
294,495_0.bmp,¡‚–Œ¡≥,1.187077251690993,1.22249911000356,1.089444642221431,1.0,1.7578319686721253,4.973211107155571,2.024919900320399
295,497_3.bmp,Õ÷‘≤¡≥,1.1998103494987808,1.2132213492278516,1.0579788675155783,1.0,3.033053373069629,8.261446762395016,3.6384448658900026
